{
    "apiVersion": "v1",
    "kind": "Namespace",
    "metadata": {
        "annotations": {
            "kubectl.kubernetes.io/last-applied-configuration": "{\"apiVersion\":\"v1\",\"kind\":\"Namespace\",\"metadata\":{\"annotations\":{},\"labels\":{\"katib-metricscollector-injection\":\"enabled\"},\"name\":\"kubeflow\"}}\n"
        },
        "creationTimestamp": "2021-10-26T00:44:00Z",
        "deletionTimestamp": "2021-11-29T01:10:33Z",
        "labels": {
            "katib-metricscollector-injection": "enabled"
        },
        "name": "kubeflow",
        "resourceVersion": "211648125",
        "selfLink": "/api/v1/namespaces/kubeflow",
        "uid": "58822b4d-26f7-49d0-872f-a5512d2f81a1"
    },
    "spec": {
        "finalizers": [
            
        ]
    },
    "status": {
        "conditions": [
            {
                "lastTransitionTime": "2021-11-29T01:10:38Z",
                "message": "All resources successfully discovered",
                "reason": "ResourcesDiscovered",
                "status": "False",
                "type": "NamespaceDeletionDiscoveryFailure"
            },
            {
                "lastTransitionTime": "2021-11-29T01:10:38Z",
                "message": "All legacy kube types successfully parsed",
                "reason": "ParsedGroupVersions",
                "status": "False",
                "type": "NamespaceDeletionGroupVersionParsingFailure"
            },
            {
                "lastTransitionTime": "2021-11-29T01:10:38Z",
                "message": "All content successfully deleted, may be waiting on finalization",
                "reason": "ContentDeleted",
                "status": "False",
                "type": "NamespaceDeletionContentFailure"
            },
            {
                "lastTransitionTime": "2021-11-29T01:10:38Z",
                "message": "Some resources are remaining: trials.kubeflow.org has 5 resource instances",
                "reason": "SomeResourcesRemain",
                "status": "True",
                "type": "NamespaceContentRemaining"
            },
            {
                "lastTransitionTime": "2021-11-29T01:10:38Z",
                "message": "Some content in the namespace has finalizers remaining: clean-metrics-in-db in 5 resource instances",
                "reason": "SomeFinalizersRemain",
                "status": "True",
                "type": "NamespaceFinalizersRemaining"
            }
        ],
        "phase": "Terminating"
    }
}
