{
  "apiVersion": "v1",
  "kind": "Namespace",
  "metadata": {
    "annotations": {
      "kubectl.kubernetes.io/last-applied-configuration": "{\"apiVersion\":\"v1\",\"kind\":\"Namespace\",\"metadata\":{\"annotations\":{},\"labels\":{\"katib.kubeflow.org/metrics-collector-injection\":\"enabled\"},\"name\":\"kubeflow\"}}\n"
    },
    "creationTimestamp": "2021-11-29T02:11:42Z",
    "deletionTimestamp": "2021-11-29T02:21:58Z",
    "labels": {
      "katib.kubeflow.org/metrics-collector-injection": "enabled"
    },
    "name": "kubeflow",
    "resourceVersion": "211671672",
    "selfLink": "/api/v1/namespaces/kubeflow",
    "uid": "d41573dd-5bf4-493b-9ca2-21c2330c7509"
  },
  "spec": {
    "finalizers": []
  },
  "status": {
    "conditions": [
      {
        "lastTransitionTime": "2021-11-29T02:22:04Z",
        "message": "All resources successfully discovered",
        "reason": "ResourcesDiscovered",
        "status": "False",
        "type": "NamespaceDeletionDiscoveryFailure"
      },
      {
        "lastTransitionTime": "2021-11-29T02:22:04Z",
        "message": "All legacy kube types successfully parsed",
        "reason": "ParsedGroupVersions",
        "status": "False",
        "type": "NamespaceDeletionGroupVersionParsingFailure"
      },
      {
        "lastTransitionTime": "2021-11-29T02:22:04Z",
        "message": "All content successfully deleted, may be waiting on finalization",
        "reason": "ContentDeleted",
        "status": "False",
        "type": "NamespaceDeletionContentFailure"
      },
      {
        "lastTransitionTime": "2021-11-29T02:22:04Z",
        "message": "Some resources are remaining: trials.kubeflow.org has 5 resource instances",
        "reason": "SomeResourcesRemain",
        "status": "True",
        "type": "NamespaceContentRemaining"
      },
      {
        "lastTransitionTime": "2021-11-29T02:22:04Z",
        "message": "Some content in the namespace has finalizers remaining: clean-metrics-in-db in 5 resource instances",
        "reason": "SomeFinalizersRemain",
        "status": "True",
        "type": "NamespaceFinalizersRemaining"
      }
    ],
    "phase": "Terminating"
  }
}
